LocalTime, GPSTime, ESSID, BSSID, Power, Security, Latitude, Longitude, Latitude Error, Longitude Error, Type
2026-04-03 14:15:54,1900-01-00 00:00:00,,B8:27:EB:CA:A1:3C,-56, ,0.000000,0.000000,0.000,0.000,AP
2026-04-03 14:15:55,1900-01-00 00:00:00,1008-wombat,B8:27:EB:CA:A1:3C,-55, WPA ,0.000000,0.000000,0.000,0.000,AP
2026-04-03 14:15:55,1900-01-00 00:00:00,1008-wombat,B8:27:EB:CA:A1:3C,-55, WPA ,0.000000,0.000000,0.000,0.000,AP
2026-04-03 14:15:55,1900-01-00 00:00:00,1008-wombat,B8:27:EB:CA:A1:3C,-55, WPA ,0.000000,0.000000,0.000,0.000,AP
2026-04-03 14:15:55,1900-01-00 00:00:00,1008-wombat,B8:27:EB:CA:A1:3C,-54, WPA ,0.000000,0.000000,0.000,0.000,AP
2026-04-03 14:15:55,1900-01-00 00:00:00,,C8:15:4E:20:C7:81,-55,,0.000000,0.000000,0.000,0.000,Client
2026-04-03 14:15:55,1900-01-00 00:00:00,1008-wombat,B8:27:EB:CA:A1:3C,-55, WPA ,0.000000,0.000000,0.000,0.000,AP
2026-04-03 14:15:55,1900-01-00 00:00:00,,C8:15:4E:20:C7:81,-54,,0.000000,0.000000,0.000,0.000,Client
2026-04-03 14:15:55,1900-01-00 00:00:00,1008-wombat,B8:27:EB:CA:A1:3C,-55, WPA ,0.000000,0.000000,0.000,0.000,AP
2026-04-03 14:15:55,1900-01-00 00:00:00,1008-wombat,B8:27:EB:CA:A1:3C,-55, WPA ,0.000000,0.000000,0.000,0.000,AP
2026-04-03 14:15:55,1900-01-00 00:00:00,1008-wombat,B8:27:EB:CA:A1:3C,-56, WPA ,0.000000,0.000000,0.000,0.000,AP
2026-04-03 14:15:55,1900-01-00 00:00:00,1008-wombat,B8:27:EB:CA:A1:3C,-56, WPA ,0.000000,0.000000,0.000,0.000,AP
2026-04-03 14:15:55,1900-01-00 00:00:00,1008-wombat,B8:27:EB:CA:A1:3C,-56, WPA ,0.000000,0.000000,0.000,0.000,AP
2026-04-03 14:15:56,1900-01-00 00:00:00,1008-wombat,B8:27:EB:CA:A1:3C,-55, WPA ,0.000000,0.000000,0.000,0.000,AP
2026-04-03 14:15:56,1900-01-00 00:00:00,,C8:15:4E:20:C7:81,-55,,0.000000,0.000000,0.000,0.000,Client
2026-04-03 14:15:56,1900-01-00 00:00:00,1008-wombat,B8:27:EB:CA:A1:3C,-55, WPA ,0.000000,0.000000,0.000,0.000,AP
2026-04-03 14:15:56,1900-01-00 00:00:00,1008-wombat,B8:27:EB:CA:A1:3C,-54, WPA ,0.000000,0.000000,0.000,0.000,AP
2026-04-03 14:15:56,1900-01-00 00:00:00,,C8:15:4E:20:C7:81,-55,,0.000000,0.000000,0.000,0.000,Client
2026-04-03 14:15:56,1900-01-00 00:00:00,,C8:15:4E:20:C7:81,-54,,0.000000,0.000000,0.000,0.000,Client
2026-04-03 14:15:56,1900-01-00 00:00:00,1008-wombat,B8:27:EB:CA:A1:3C,-57, WPA ,0.000000,0.000000,0.000,0.000,AP
2026-04-03 14:15:56,1900-01-00 00:00:00,1008-wombat,B8:27:EB:CA:A1:3C,-55, WPA ,0.000000,0.000000,0.000,0.000,AP
2026-04-03 14:15:56,1900-01-00 00:00:00,,C8:15:4E:20:C7:81,-55,,0.000000,0.000000,0.000,0.000,Client
2026-04-03 14:15:56,1900-01-00 00:00:00,1008-wombat,B8:27:EB:CA:A1:3C,-57, WPA ,0.000000,0.000000,0.000,0.000,AP
2026-04-03 14:15:56,1900-01-00 00:00:00,1008-wombat,B8:27:EB:CA:A1:3C,-55, WPA ,0.000000,0.000000,0.000,0.000,AP
2026-04-03 14:15:56,1900-01-00 00:00:00,1008-wombat,B8:27:EB:CA:A1:3C,-56, WPA ,0.000000,0.000000,0.000,0.000,AP
2026-04-03 14:15:56,1900-01-00 00:00:00,1008-wombat,B8:27:EB:CA:A1:3C,-56, WPA ,0.000000,0.000000,0.000,0.000,AP
2026-04-03 14:15:56,1900-01-00 00:00:00,1008-wombat,B8:27:EB:CA:A1:3C,-56, WPA ,0.000000,0.000000,0.000,0.000,AP
2026-04-03 14:15:56,1900-01-00 00:00:00,1008-wombat,B8:27:EB:CA:A1:3C,-56, WPA ,0.000000,0.000000,0.000,0.000,AP
2026-04-03 14:15:56,1900-01-00 00:00:00,1008-wombat,B8:27:EB:CA:A1:3C,-56, WPA ,0.000000,0.000000,0.000,0.000,AP
2026-04-03 14:15:56,1900-01-00 00:00:00,1008-wombat,B8:27:EB:CA:A1:3C,-56, WPA ,0.000000,0.000000,0.000,0.000,AP
2026-04-03 14:15:56,1900-01-00 00:00:00,1008-wombat,B8:27:EB:CA:A1:3C,-56, WPA ,0.000000,0.000000,0.000,0.000,AP
2026-04-03 14:15:56,1900-01-00 00:00:00,1008-wombat,B8:27:EB:CA:A1:3C,-56, WPA ,0.000000,0.000000,0.000,0.000,AP
2026-04-03 14:15:56,1900-01-00 00:00:00,1008-wombat,B8:27:EB:CA:A1:3C,-55, WPA ,0.000000,0.000000,0.000,0.000,AP
2026-04-03 14:15:57,1900-01-00 00:00:00,1008-wombat,B8:27:EB:CA:A1:3C,-56, WPA ,0.000000,0.000000,0.000,0.000,AP
2026-04-03 14:15:57,1900-01-00 00:00:00,1008-wombat,B8:27:EB:CA:A1:3C,-56, WPA ,0.000000,0.000000,0.000,0.000,AP
2026-04-03 14:15:57,1900-01-00 00:00:00,,C8:15:4E:20:C7:81,-54,,0.000000,0.000000,0.000,0.000,Client
2026-04-03 14:15:57,1900-01-00 00:00:00,1008-wombat,B8:27:EB:CA:A1:3C,-56, WPA ,0.000000,0.000000,0.000,0.000,AP
2026-04-03 14:15:57,1900-01-00 00:00:00,1008-wombat,B8:27:EB:CA:A1:3C,-55, WPA ,0.000000,0.000000,0.000,0.000,AP
2026-04-03 14:15:57,1900-01-00 00:00:00,,C8:15:4E:20:C7:81,-54,,0.000000,0.000000,0.000,0.000,Client
2026-04-03 14:15:57,1900-01-00 00:00:00,,C8:15:4E:20:C7:81,-59,,0.000000,0.000000,0.000,0.000,Client
2026-04-03 14:15:57,1900-01-00 00:00:00,1008-wombat,B8:27:EB:CA:A1:3C,-57, WPA ,0.000000,0.000000,0.000,0.000,AP
2026-04-03 14:15:57,1900-01-00 00:00:00,1008-wombat,B8:27:EB:CA:A1:3C,-57, WPA ,0.000000,0.000000,0.000,0.000,AP
2026-04-03 14:15:57,1900-01-00 00:00:00,1008-wombat,B8:27:EB:CA:A1:3C,-56, WPA ,0.000000,0.000000,0.000,0.000,AP
2026-04-03 14:15:57,1900-01-00 00:00:00,1008-wombat,B8:27:EB:CA:A1:3C,-57, WPA ,0.000000,0.000000,0.000,0.000,AP
2026-04-03 14:15:57,1900-01-00 00:00:00,1008-wombat,B8:27:EB:CA:A1:3C,-56, WPA ,0.000000,0.000000,0.000,0.000,AP
2026-04-03 14:15:57,1900-01-00 00:00:00,1008-wombat,B8:27:EB:CA:A1:3C,-55, WPA ,0.000000,0.000000,0.000,0.000,AP
2026-04-03 14:15:58,1900-01-00 00:00:00,1008-wombat,B8:27:EB:CA:A1:3C,-55, WPA ,0.000000,0.000000,0.000,0.000,AP
2026-04-03 14:15:58,1900-01-00 00:00:00,1008-wombat,B8:27:EB:CA:A1:3C,-55, WPA ,0.000000,0.000000,0.000,0.000,AP
2026-04-03 14:15:58,1900-01-00 00:00:00,1008-wombat,B8:27:EB:CA:A1:3C,-55, WPA ,0.000000,0.000000,0.000,0.000,AP
2026-04-03 14:15:58,1900-01-00 00:00:00,1008-wombat,B8:27:EB:CA:A1:3C,-56, WPA ,0.000000,0.000000,0.000,0.000,AP
2026-04-03 14:15:58,1900-01-00 00:00:00,1008-wombat,B8:27:EB:CA:A1:3C,-56, WPA ,0.000000,0.000000,0.000,0.000,AP
2026-04-03 14:15:58,1900-01-00 00:00:00,1008-wombat,B8:27:EB:CA:A1:3C,-56, WPA ,0.000000,0.000000,0.000,0.000,AP
2026-04-03 14:15:58,1900-01-00 00:00:00,1008-wombat,B8:27:EB:CA:A1:3C,-56, WPA ,0.000000,0.000000,0.000,0.000,AP
2026-04-03 14:15:58,1900-01-00 00:00:00,1008-wombat,B8:27:EB:CA:A1:3C,-56, WPA ,0.000000,0.000000,0.000,0.000,AP
2026-04-03 14:15:58,1900-01-00 00:00:00,1008-wombat,B8:27:EB:CA:A1:3C,-57, WPA ,0.000000,0.000000,0.000,0.000,AP
2026-04-03 14:15:58,1900-01-00 00:00:00,1008-wombat,B8:27:EB:CA:A1:3C,-57, WPA ,0.000000,0.000000,0.000,0.000,AP
2026-04-03 14:15:58,1900-01-00 00:00:00,1008-wombat,B8:27:EB:CA:A1:3C,-57, WPA ,0.000000,0.000000,0.000,0.000,AP
2026-04-03 14:15:59,1900-01-00 00:00:00,1008-wombat,B8:27:EB:CA:A1:3C,-58, WPA ,0.000000,0.000000,0.000,0.000,AP
2026-04-03 14:15:59,1900-01-00 00:00:00,1008-wombat,B8:27:EB:CA:A1:3C,-58, WPA ,0.000000,0.000000,0.000,0.000,AP
2026-04-03 14:15:59,1900-01-00 00:00:00,1008-wombat,B8:27:EB:CA:A1:3C,-57, WPA ,0.000000,0.000000,0.000,0.000,AP
2026-04-03 14:15:59,1900-01-00 00:00:00,1008-wombat,B8:27:EB:CA:A1:3C,-57, WPA ,0.000000,0.000000,0.000,0.000,AP
2026-04-03 14:15:59,1900-01-00 00:00:00,1008-wombat,B8:27:EB:CA:A1:3C,-57, WPA ,0.000000,0.000000,0.000,0.000,AP
2026-04-03 14:15:59,1900-01-00 00:00:00,,C8:15:4E:20:C7:81,-55,,0.000000,0.000000,0.000,0.000,Client
2026-04-03 14:15:59,1900-01-00 00:00:00,1008-wombat,B8:27:EB:CA:A1:3C,-55, WPA ,0.000000,0.000000,0.000,0.000,AP
2026-04-03 14:15:59,1900-01-00 00:00:00,,C8:15:4E:20:C7:81,-55,,0.000000,0.000000,0.000,0.000,Client
2026-04-03 14:15:59,1900-01-00 00:00:00,1008-wombat,B8:27:EB:CA:A1:3C,-58, WPA ,0.000000,0.000000,0.000,0.000,AP
2026-04-03 14:15:59,1900-01-00 00:00:00,,C8:15:4E:20:C7:81,-55,,0.000000,0.000000,0.000,0.000,Client
2026-04-03 14:15:59,1900-01-00 00:00:00,1008-wombat,B8:27:EB:CA:A1:3C,-56, WPA ,0.000000,0.000000,0.000,0.000,AP
2026-04-03 14:15:59,1900-01-00 00:00:00,1008-wombat,B8:27:EB:CA:A1:3C,-57, WPA ,0.000000,0.000000,0.000,0.000,AP
2026-04-03 14:15:59,1900-01-00 00:00:00,1008-wombat,B8:27:EB:CA:A1:3C,-56, WPA ,0.000000,0.000000,0.000,0.000,AP
2026-04-03 14:15:59,1900-01-00 00:00:00,1008-wombat,B8:27:EB:CA:A1:3C,-56, WPA ,0.000000,0.000000,0.000,0.000,AP
2026-04-03 14:16:00,1900-01-00 00:00:00,1008-wombat,B8:27:EB:CA:A1:3C,-56, WPA ,0.000000,0.000000,0.000,0.000,AP
2026-04-03 14:16:00,1900-01-00 00:00:00,1008-wombat,B8:27:EB:CA:A1:3C,-56, WPA ,0.000000,0.000000,0.000,0.000,AP
2026-04-03 14:16:00,1900-01-00 00:00:00,1008-wombat,B8:27:EB:CA:A1:3C,-56, WPA ,0.000000,0.000000,0.000,0.000,AP
2026-04-03 14:16:00,1900-01-00 00:00:00,1008-wombat,B8:27:EB:CA:A1:3C,-56, WPA ,0.000000,0.000000,0.000,0.000,AP
2026-04-03 14:16:00,1900-01-00 00:00:00,1008-wombat,B8:27:EB:CA:A1:3C,-56, WPA ,0.000000,0.000000,0.000,0.000,AP
2026-04-03 14:16:00,1900-01-00 00:00:00,1008-wombat,B8:27:EB:CA:A1:3C,-56, WPA ,0.000000,0.000000,0.000,0.000,AP
2026-04-03 14:16:00,1900-01-00 00:00:00,1008-wombat,B8:27:EB:CA:A1:3C,-55, WPA ,0.000000,0.000000,0.000,0.000,AP
2026-04-03 14:16:00,1900-01-00 00:00:00,1008-wombat,B8:27:EB:CA:A1:3C,-55, WPA ,0.000000,0.000000,0.000,0.000,AP
2026-04-03 14:16:00,1900-01-00 00:00:00,1008-wombat,B8:27:EB:CA:A1:3C,-56, WPA ,0.000000,0.000000,0.000,0.000,AP
2026-04-03 14:16:00,1900-01-00 00:00:00,,C8:15:4E:20:C7:81,-55,,0.000000,0.000000,0.000,0.000,Client
2026-04-03 14:16:00,1900-01-00 00:00:00,1008-wombat,B8:27:EB:CA:A1:3C,-57, WPA ,0.000000,0.000000,0.000,0.000,AP
2026-04-03 14:16:01,1900-01-00 00:00:00,,C8:15:4E:20:C7:81,-55,,0.000000,0.000000,0.000,0.000,Client
2026-04-03 14:16:01,1900-01-00 00:00:00,1008-wombat,B8:27:EB:CA:A1:3C,-56, WPA ,0.000000,0.000000,0.000,0.000,AP
2026-04-03 14:16:01,1900-01-00 00:00:00,1008-wombat,B8:27:EB:CA:A1:3C,-56, WPA ,0.000000,0.000000,0.000,0.000,AP
2026-04-03 14:16:01,1900-01-00 00:00:00,,C8:15:4E:20:C7:81,-56,,0.000000,0.000000,0.000,0.000,Client
2026-04-03 14:16:01,1900-01-00 00:00:00,1008-wombat,B8:27:EB:CA:A1:3C,-55, WPA ,0.000000,0.000000,0.000,0.000,AP
2026-04-03 14:16:01,1900-01-00 00:00:00,,C8:15:4E:20:C7:81,-55,,0.000000,0.000000,0.000,0.000,Client
2026-04-03 14:16:01,1900-01-00 00:00:00,1008-wombat,B8:27:EB:CA:A1:3C,-56, WPA ,0.000000,0.000000,0.000,0.000,AP
2026-04-03 14:16:01,1900-01-00 00:00:00,1008-wombat,B8:27:EB:CA:A1:3C,-56, WPA ,0.000000,0.000000,0.000,0.000,AP
2026-04-03 14:16:01,1900-01-00 00:00:00,1008-wombat,B8:27:EB:CA:A1:3C,-56, WPA ,0.000000,0.000000,0.000,0.000,AP
2026-04-03 14:16:01,1900-01-00 00:00:00,1008-wombat,B8:27:EB:CA:A1:3C,-56, WPA ,0.000000,0.000000,0.000,0.000,AP
2026-04-03 14:16:01,1900-01-00 00:00:00,1008-wombat,B8:27:EB:CA:A1:3C,-56, WPA ,0.000000,0.000000,0.000,0.000,AP
2026-04-03 14:16:01,1900-01-00 00:00:00,1008-wombat,B8:27:EB:CA:A1:3C,-56, WPA ,0.000000,0.000000,0.000,0.000,AP
2026-04-03 14:16:01,1900-01-00 00:00:00,1008-wombat,B8:27:EB:CA:A1:3C,-56, WPA ,0.000000,0.000000,0.000,0.000,AP
2026-04-03 14:16:01,1900-01-00 00:00:00,1008-wombat,B8:27:EB:CA:A1:3C,-56, WPA ,0.000000,0.000000,0.000,0.000,AP
2026-04-03 14:16:01,1900-01-00 00:00:00,1008-wombat,B8:27:EB:CA:A1:3C,-55, WPA ,0.000000,0.000000,0.000,0.000,AP
2026-04-03 14:16:01,1900-01-00 00:00:00,,C8:15:4E:20:C7:81,-56,,0.000000,0.000000,0.000,0.000,Client
2026-04-03 14:16:01,1900-01-00 00:00:00,1008-wombat,B8:27:EB:CA:A1:3C,-55, WPA ,0.000000,0.000000,0.000,0.000,AP
2026-04-03 14:16:01,1900-01-00 00:00:00,,C8:15:4E:20:C7:81,-54,,0.000000,0.000000,0.000,0.000,Client
2026-04-03 14:16:01,1900-01-00 00:00:00,1008-wombat,B8:27:EB:CA:A1:3C,-55, WPA ,0.000000,0.000000,0.000,0.000,AP
2026-04-03 14:16:01,1900-01-00 00:00:00,1008-wombat,B8:27:EB:CA:A1:3C,-55, WPA ,0.000000,0.000000,0.000,0.000,AP
2026-04-03 14:16:01,1900-01-00 00:00:00,1008-wombat,B8:27:EB:CA:A1:3C,-55, WPA ,0.000000,0.000000,0.000,0.000,AP
2026-04-03 14:16:02,1900-01-00 00:00:00,1008-wombat,B8:27:EB:CA:A1:3C,-56, WPA ,0.000000,0.000000,0.000,0.000,AP
2026-04-03 14:16:02,1900-01-00 00:00:00,,C8:15:4E:20:C7:81,-58,,0.000000,0.000000,0.000,0.000,Client
2026-04-03 14:16:02,1900-01-00 00:00:00,1008-wombat,B8:27:EB:CA:A1:3C,-57, WPA ,0.000000,0.000000,0.000,0.000,AP
2026-04-03 14:16:02,1900-01-00 00:00:00,1008-wombat,B8:27:EB:CA:A1:3C,-57, WPA ,0.000000,0.000000,0.000,0.000,AP
2026-04-03 14:16:02,1900-01-00 00:00:00,1008-wombat,B8:27:EB:CA:A1:3C,-56, WPA ,0.000000,0.000000,0.000,0.000,AP
2026-04-03 14:16:02,1900-01-00 00:00:00,1008-wombat,B8:27:EB:CA:A1:3C,-56, WPA ,0.000000,0.000000,0.000,0.000,AP
2026-04-03 14:16:02,1900-01-00 00:00:00,1008-wombat,B8:27:EB:CA:A1:3C,-57, WPA ,0.000000,0.000000,0.000,0.000,AP
2026-04-03 14:16:02,1900-01-00 00:00:00,1008-wombat,B8:27:EB:CA:A1:3C,-56, WPA ,0.000000,0.000000,0.000,0.000,AP
2026-04-03 14:16:02,1900-01-00 00:00:00,1008-wombat,B8:27:EB:CA:A1:3C,-57, WPA ,0.000000,0.000000,0.000,0.000,AP
2026-04-03 14:16:02,1900-01-00 00:00:00,1008-wombat,B8:27:EB:CA:A1:3C,-57, WPA ,0.000000,0.000000,0.000,0.000,AP
2026-04-03 14:16:02,1900-01-00 00:00:00,1008-wombat,B8:27:EB:CA:A1:3C,-57, WPA ,0.000000,0.000000,0.000,0.000,AP
2026-04-03 14:16:03,1900-01-00 00:00:00,1008-wombat,B8:27:EB:CA:A1:3C,-58, WPA ,0.000000,0.000000,0.000,0.000,AP
2026-04-03 14:16:03,1900-01-00 00:00:00,1008-wombat,B8:27:EB:CA:A1:3C,-57, WPA ,0.000000,0.000000,0.000,0.000,AP
2026-04-03 14:16:03,1900-01-00 00:00:00,1008-wombat,B8:27:EB:CA:A1:3C,-57, WPA ,0.000000,0.000000,0.000,0.000,AP
2026-04-03 14:16:03,1900-01-00 00:00:00,1008-wombat,B8:27:EB:CA:A1:3C,-56, WPA ,0.000000,0.000000,0.000,0.000,AP
2026-04-03 14:16:03,1900-01-00 00:00:00,1008-wombat,B8:27:EB:CA:A1:3C,-57, WPA ,0.000000,0.000000,0.000,0.000,AP
2026-04-03 14:16:03,1900-01-00 00:00:00,1008-wombat,B8:27:EB:CA:A1:3C,-57, WPA ,0.000000,0.000000,0.000,0.000,AP
2026-04-03 14:16:03,1900-01-00 00:00:00,1008-wombat,B8:27:EB:CA:A1:3C,-56, WPA ,0.000000,0.000000,0.000,0.000,AP
2026-04-03 14:16:03,1900-01-00 00:00:00,1008-wombat,B8:27:EB:CA:A1:3C,-57, WPA ,0.000000,0.000000,0.000,0.000,AP
2026-04-03 14:16:03,1900-01-00 00:00:00,1008-wombat,B8:27:EB:CA:A1:3C,-57, WPA ,0.000000,0.000000,0.000,0.000,AP
2026-04-03 14:16:04,1900-01-00 00:00:00,1008-wombat,B8:27:EB:CA:A1:3C,-56, WPA ,0.000000,0.000000,0.000,0.000,AP
2026-04-03 14:16:04,1900-01-00 00:00:00,1008-wombat,B8:27:EB:CA:A1:3C,-56, WPA ,0.000000,0.000000,0.000,0.000,AP
2026-04-03 14:16:04,1900-01-00 00:00:00,1008-wombat,B8:27:EB:CA:A1:3C,-57, WPA ,0.000000,0.000000,0.000,0.000,AP
2026-04-03 14:16:04,1900-01-00 00:00:00,1008-wombat,B8:27:EB:CA:A1:3C,-56, WPA ,0.000000,0.000000,0.000,0.000,AP
2026-04-03 14:16:04,1900-01-00 00:00:00,1008-wombat,B8:27:EB:CA:A1:3C,-56, WPA ,0.000000,0.000000,0.000,0.000,AP
2026-04-03 14:16:04,1900-01-00 00:00:00,1008-wombat,B8:27:EB:CA:A1:3C,-56, WPA ,0.000000,0.000000,0.000,0.000,AP
2026-04-03 14:16:04,1900-01-00 00:00:00,1008-wombat,B8:27:EB:CA:A1:3C,-56, WPA ,0.000000,0.000000,0.000,0.000,AP
2026-04-03 14:16:04,1900-01-00 00:00:00,1008-wombat,B8:27:EB:CA:A1:3C,-55, WPA ,0.000000,0.000000,0.000,0.000,AP
2026-04-03 14:16:04,1900-01-00 00:00:00,1008-wombat,B8:27:EB:CA:A1:3C,-55, WPA ,0.000000,0.000000,0.000,0.000,AP
2026-04-03 14:16:04,1900-01-00 00:00:00,,C8:15:4E:20:C7:81,-55,,0.000000,0.000000,0.000,0.000,Client
2026-04-03 14:16:04,1900-01-00 00:00:00,1008-wombat,B8:27:EB:CA:A1:3C,-56, WPA ,0.000000,0.000000,0.000,0.000,AP
2026-04-03 14:16:04,1900-01-00 00:00:00,1008-wombat,B8:27:EB:CA:A1:3C,-56, WPA ,0.000000,0.000000,0.000,0.000,AP
2026-04-03 14:16:04,1900-01-00 00:00:00,,C8:15:4E:20:C7:81,-55,,0.000000,0.000000,0.000,0.000,Client
2026-04-03 14:16:04,1900-01-00 00:00:00,,C8:15:4E:20:C7:81,-61,,0.000000,0.000000,0.000,0.000,Client
